,start col,start row,stop col,score,avg,stop row,column size,row size,sqrt(k*l)*avg
0,60750000.0,0,62750000.0,232.681991225,2.6448524498,2250000,9.0,10.0,25.0912734493
1,33000000.0,74500000,33000000.0,32.5380883181,9.09829504006,74500000,1.0,1.0,9.09829504006
