,start col,start row,stop col,score,avg,stop row,column size,row size,sqrt(k*l)*avg
0,44250000.0,63750000,48000000.0,368.265095271,1.31893387982,73500000,16.0,40.0,33.3666811472
1,44000000.0,0,48000000.0,333.11957524,2.00261813261,3000000,17.0,13.0,29.771058834
2,19500000.0,37750000,24750000.0,91.7922863051,1.00287333329,43000000,22.0,22.0,22.0632133324
3,25750000.0,89500000,26000000.0,49.3412601632,7.88186202193,89500000,2.0,1.0,11.1466361682
