,start col,start row,stop col,score,avg,stop row,column size,row size,sqrt(k*l)*avg
0,76000000.0,124000000,80500000.0,248.166229908,1.45220678344,129000000,19.0,21.0,29.0078077801
1,0.0,500000,2250000.0,167.775152784,2.13190251634,3250000,10.0,12.0,23.353821972
2,74500000.0,59750000,74500000.0,50.2914520848,10.9605383144,59750000,1.0,1.0,10.9605383144
3,74500000.0,95000000,74500000.0,32.5736248752,9.22153542956,95000000,1.0,1.0,9.22153542956
4,74500000.0,73750000,74500000.0,27.7082081037,8.68464315456,73750000,1.0,1.0,8.68464315456
