,start col,start row,stop col,score,avg,stop row,column size,row size,sqrt(k*l)*avg
0,125750000.0,129250000,132000000.0,757.241203832,1.99436646581,133500000,26.0,18.0,43.1447433273
1,120500000.0,102000000,125000000.0,138.991406,1.44432126563,105250000,19.0,14.0,23.5561669692
2,130500000.0,132750000,133000000.0,98.2183400036,1.80674260708,135250000,11.0,11.0,19.8741686779
3,126250000.0,122000000,131750000.0,44.4923981147,1.66715590074,123000000,23.0,5.0,17.8782552756
4,250000.0,70500000,2750000.0,30.7874170429,1.17870429467,75750000,11.0,22.0,18.336335595
5,121250000.0,73500000,123750000.0,25.8788258574,1.36310191472,76500000,11.0,13.0,16.3003281156
6,17000000.0,47250000,17000000.0,24.1892809721,8.21358465163,47250000,1.0,1.0,8.21358465163
