,start col,start row,stop col,score,avg,stop row,column size,row size,sqrt(k*l)*avg
0,166500000.0,180500000,175750000.0,86.9786278441,0.716439909152,190000000,38.0,39.0,27.5806103007
1,70250000.0,97750000,70250000.0,34.6428313672,7.11168161787,98000000,1.0,2.0,10.0574365953
2,70500000.0,65250000,70500000.0,16.9622708742,5.75347459689,65500000,1.0,2.0,8.13664180569
3,70250000.0,60500000,70250000.0,30.292794322,6.80217602727,60750000,1.0,2.0,9.61972959141
