,start col,start row,stop col,score,avg,stop row,column size,row size,sqrt(k*l)*avg
0,36250000.0,63750000,40750000.0,381.028074212,1.47777986562,70000000,19.0,26.0,32.8452989883
1,36750000.0,0,46500000.0,239.009333927,1.2288406843,3000000,40.0,13.0,28.021878992
2,36500000.0,71500000,40750000.0,148.306047731,1.26079665902,76250000,18.0,20.0,23.921934653
3,41500000.0,64250000,43250000.0,96.5796352964,1.28535585984,74000000,8.0,40.0,22.993144623
4,29250000.0,63750000,31500000.0,44.4927703132,1.39041544241,67250000,10.0,15.0,17.029041822
5,50500000.0,0,51000000.0,25.4696915574,2.89743400647,1000000,3.0,5.0,11.2217136538
6,19000000.0,250000,21250000.0,24.7579311844,1.64450908042,1750000,10.0,7.0,13.7589501086
