,start col,start row,stop col,score,avg,stop row,column size,row size,sqrt(k*l)*avg
0,41500000.0,36250000,43500000.0,-2.26743431443,1.65175055897,37250000,9.0,5.0,11.0802795952
