,start col,start row,stop col,score,avg,stop row,column size,row size,sqrt(k*l)*avg
0,30500000.0,166750000,30500000.0,29.3967106582,8.81949265415,166750000,1.0,1.0,8.81949265415
1,30500000.0,90000000,30500000.0,29.2202669292,8.79971277072,90000000,1.0,1.0,8.79971277072
2,30500000.0,151500000,30500000.0,29.043953506,8.77990406729,151500000,1.0,1.0,8.77990406729
3,30500000.0,30250000,30500000.0,27.8449636429,8.64402438229,30250000,1.0,1.0,8.64402438229
4,23250000.0,161250000,23250000.0,27.451505618,8.59897826938,161250000,1.0,1.0,8.59897826938
5,28750000.0,117750000,28750000.0,26.8384747722,8.52833177032,117750000,1.0,1.0,8.52833177032
6,23250000.0,85250000,23250000.0,26.6028411822,8.50102487024,85250000,1.0,1.0,8.50102487024
7,30500000.0,136250000,30500000.0,26.3268883771,8.46893647208,136250000,1.0,1.0,8.46893647208
8,23250000.0,75750000,23250000.0,23.5664256392,8.1411768131,75750000,1.0,1.0,8.1411768131
