,start col,start row,stop col,score,avg,stop row,column size,row size,sqrt(k*l)*avg
0,62000000.0,54000000,64500000.0,166.61604265,1.68692553165,58250000,11.0,18.0,23.7371462979
1,77250000.0,114000000,78000000.0,68.9299377485,3.33092598601,115000000,4.0,5.0,14.8963538655
2,75000000.0,112000000,76500000.0,48.4186644086,2.41805935126,113000000,7.0,5.0,14.3054320423
3,63000000.0,81750000,64500000.0,37.7277357034,2.28893102777,82750000,7.0,5.0,13.5414985783
4,62750000.0,69500000,63250000.0,25.2537338117,2.61216186427,71000000,3.0,7.0,11.9704294705
5,1250000.0,53750000,1750000.0,13.7768614278,2.09795423538,56500000,3.0,12.0,12.5877254123
6,69250000.0,56250000,70250000.0,10.5259108028,1.93371049119,57750000,5.0,7.0,11.4399855433
