,start col,start row,stop col,score,avg,stop row,column size,row size,sqrt(k*l)*avg
0,89500000.0,85500000,89500000.0,33.2375689543,9.26917774709,85500000,1.0,1.0,9.26917774709
1,89500000.0,15250000,89500000.0,28.0477354968,8.69839787066,15250000,1.0,1.0,8.69839787066
2,89500000.0,152500000,89500000.0,26.1513476097,8.4804952038,152500000,1.0,1.0,8.4804952038
3,26250000.0,70250000,26500000.0,25.870462081,6.41953670468,70250000,2.0,1.0,9.07859587191
