,start col,start row,stop col,score,avg,stop row,column size,row size,sqrt(k*l)*avg
0,75500000.0,2250000,76500000.0,73.1982614268,2.04815583937,6000000,5.0,16.0,18.3192627414
1,77500000.0,0,78000000.0,29.5961475062,5.68054057051,0,3.0,1.0,9.83898488258
2,62750000.0,25500000,64500000.0,15.5785597775,1.82913474298,26750000,8.0,6.0,12.6726172349
3,1250000.0,25250000,1750000.0,8.03329562534,2.9184378396,25750000,3.0,3.0,8.7553135188
4,63500000.0,28000000,63750000.0,4.19971497862,2.82829841398,29000000,2.0,5.0,8.94386489082
