,start col,start row,stop col,score,avg,stop row,column size,row size,sqrt(k*l)*avg
0,77500000.0,500000,77750000.0,34.272598821,6.98251284095,500000,2.0,1.0,9.87476435912
1,39750000.0,143500000,40000000.0,28.3100159752,6.54645309749,143500000,2.0,1.0,9.25808275591
2,61500000.0,500000,61750000.0,23.9963737521,6.21237239279,500000,2.0,1.0,8.7856212924
3,28250000.0,143750000,28250000.0,23.838383778,8.17988983159,143750000,1.0,1.0,8.17988983159
4,58000000.0,149500000,58500000.0,22.861872752,5.2951721166,149500000,3.0,1.0,9.17150714077
5,52750000.0,148500000,53000000.0,18.9139080789,5.79472922408,148500000,2.0,1.0,8.19498465897
