,start col,start row,stop col,score,avg,stop row,column size,row size,sqrt(k*l)*avg
0,67750000.0,70750000,76250000.0,163.923228466,1.00768792632,75750000,35.0,21.0,27.3193098977
1,133000000.0,129250000,134750000.0,77.5387821386,1.656713269,133250000,8.0,17.0,19.3204307502
2,71750000.0,102750000,76250000.0,49.7426215345,1.35178067192,105000000,19.0,10.0,18.6330106839
3,64000000.0,70000000,67250000.0,47.6604559623,1.04534285952,76750000,14.0,28.0,20.6967326897
4,72000000.0,29750000,76250000.0,42.0790820105,1.25571934736,32500000,18.0,12.0,18.455229967
5,64250000.0,102750000,67250000.0,38.007100626,1.53143557671,104750000,13.0,9.0,16.5650084907
6,28250000.0,47250000,28500000.0,41.2460728082,7.49311758445,47250000,2.0,1.0,10.5968685124
7,89500000.0,58750000,89500000.0,26.4510911595,8.48189834833,58750000,1.0,1.0,8.48189834833
