,start col,start row,stop col,score,avg,stop row,column size,row size,sqrt(k*l)*avg
0,60750000.0,500000,62750000.0,190.017792431,2.14704319366,3750000,9.0,14.0,24.1005000758
1,33000000.0,750000,35250000.0,79.1292710709,1.76225084259,3250000,10.0,11.0,18.482642764
2,60000000.0,7000000,62000000.0,12.9814220806,1.71719226032,8250000,9.0,6.0,12.6187344841
