,start col,start row,stop col,score,avg,stop row,column size,row size,sqrt(k*l)*avg
0,166500000.0,232750000,176250000.0,240.870171405,0.865825179238,241500000,40.0,36.0,32.855755463
1,163250000.0,221500000,170000000.0,111.132256407,0.831225349111,231250000,28.0,40.0,27.8181209057
2,60250000.0,87500000,60500000.0,43.2834125636,5.72107155198,87750000,2.0,2.0,11.442143104
3,177500000.0,0,180000000.0,36.8948517935,1.35326850529,4000000,11.0,17.0,18.5056684847
4,103500000.0,87250000,103500000.0,36.8567915804,7.29698722054,87500000,1.0,2.0,10.3194982918
5,70250000.0,212750000,70250000.0,26.1745957024,6.53240387352,213000000,1.0,2.0,9.23821415283
6,92500000.0,87750000,92750000.0,19.5399930387,5.9855715714,87750000,2.0,1.0,8.46487649483
