,start col,start row,stop col,score,avg,stop row,column size,row size,sqrt(k*l)*avg
0,48000000.0,106000000,49750000.0,47.0159673653,2.24530343672,107000000,8.0,5.0,14.2005457965
1,37000000.0,100750000,40750000.0,17.3902181566,1.06554153761,104000000,16.0,14.0,15.9475654605
2,36500000.0,74000000,40750000.0,16.1819053349,1.23123317675,75750000,18.0,8.0,14.774798121
