,start col,start row,stop col,score,avg,stop row,column size,row size,sqrt(k*l)*avg
0,47750000.0,89500000,48000000.0,27.4177333089,6.41250990071,89500000,2.0,1.0,9.06865847044
1,23750000.0,87750000,24750000.0,16.382204099,4.09490340116,87750000,5.0,1.0,9.15648236629
