,start col,start row,stop col,score,avg,stop row,column size,row size,sqrt(k*l)*avg
0,161250000.0,173000000,170750000.0,74.2604808228,1.17187564906,175250000,39.0,10.0,23.142689761
1,164500000.0,165250000,165500000.0,42.4314938289,2.57700174864,166500000,5.0,6.0,14.1148198846
2,167250000.0,177750000,170750000.0,36.2232297623,1.4283227347,180000000,15.0,10.0,17.4933094402
3,166250000.0,167000000,170750000.0,23.6314016075,1.16359144577,170000000,19.0,13.0,18.2872750296
