,start col,start row,stop col,score,avg,stop row,column size,row size,sqrt(k*l)*avg
0,0.0,102250000,0.0,24.207947223,8.13669247251,102250000,1.0,1.0,8.13669247251
