,start col,start row,stop col,score,avg,stop row,column size,row size,sqrt(k*l)*avg
0,66750000.0,123500000,72250000.0,85.4442924482,1.04032168894,128500000,23.0,21.0,22.8634212567
1,30500000.0,160500000,30500000.0,79.8970351354,9.74440971841,160750000,1.0,2.0,13.7806763811
2,66750000.0,2250000,76500000.0,59.5503475388,1.45761202287,3250000,40.0,5.0,20.6137469142
3,28750000.0,12250000,28750000.0,21.8065894708,6.1091896019,12500000,1.0,2.0,8.63969879012
