,start col,start row,stop col,score,avg,stop row,column size,row size,sqrt(k*l)*avg
0,5250000.0,2000000,8250000.0,356.145626942,1.83805624706,7500000,13.0,23.0,31.7829636667
1,33000000.0,25500000,33000000.0,77.1968105539,9.59330856451,25750000,1.0,2.0,13.56698708
2,12500000.0,2250000,13750000.0,33.4786383515,1.52995730288,7500000,6.0,22.0,17.5778711458
3,18250000.0,114500000,18250000.0,25.3327049289,6.36949018579,114750000,1.0,2.0,9.00781940615
4,71000000.0,115000000,71500000.0,22.2254773701,5.26273358922,115000000,3.0,1.0,9.11532196323
5,32000000.0,2750000,32000000.0,20.9455758828,5.26964986945,3250000,1.0,3.0,9.12730131199
6,18500000.0,22500000,18500000.0,18.9058957775,5.8503394488,22750000,1.0,2.0,8.27362939298
