,start col,start row,stop col,score,avg,stop row,column size,row size,sqrt(k*l)*avg
0,74500000.0,9000000,74500000.0,52.6248347107,8.26763541926,9250000,1.0,2.0,11.6922021387
1,128000000.0,194750000,129750000.0,46.1659539079,1.77927519966,197250000,8.0,11.0,16.6910808751
2,74500000.0,182000000,74500000.0,40.6568288629,10.0551224508,182000000,1.0,1.0,10.0551224508
