,start col,start row,stop col,score,avg,stop row,column size,row size,sqrt(k*l)*avg
0,77750000.0,242750000,78000000.0,52.0767344106,6.02184060102,243000000,2.0,2.0,12.043681202
1,63000000.0,87750000,63500000.0,34.4188770867,5.97060944897,87750000,3.0,1.0,10.3413989178
2,61250000.0,87250000,61500000.0,19.3916888185,5.83308521734,87250000,2.0,1.0,8.24922822484
