,start col,start row,stop col,score,avg,stop row,column size,row size,sqrt(k*l)*avg
0,36500000.0,70750000,46250000.0,156.528771151,0.896498605657,75750000,40.0,21.0,25.982998094
1,47750000.0,1250000,49750000.0,41.8494958716,1.96640917519,2500000,9.0,6.0,14.4500973142
2,51000000.0,46250000,51000000.0,25.0363760614,8.20047277833,46250000,1.0,1.0,8.20047277833
3,25000000.0,46250000,25000000.0,23.1630676403,7.97220112799,46250000,1.0,1.0,7.97220112799
