,start col,start row,stop col,score,avg,stop row,column size,row size,sqrt(k*l)*avg
0,750000.0,102250000,4500000.0,29.0876207711,1.43685115396,103750000,16.0,7.0,15.2062032976
