,start col,start row,stop col,score,avg,stop row,column size,row size,sqrt(k*l)*avg
0,152750000.0,177500000,159000000.0,103.770057652,1.35014172502,180000000,26.0,11.0,22.8329683967
1,111000000.0,115000000,111000000.0,31.2428418206,5.36432934976,115750000,1.0,4.0,10.7286586995
2,154750000.0,173500000,158750000.0,22.3974344139,1.41810140385,175250000,17.0,8.0,16.5377621357
3,76750000.0,52500000,81250000.0,21.8846561585,1.12387376848,55750000,19.0,14.0,18.3298264539
