,start col,start row,stop col,score,avg,stop row,column size,row size,sqrt(k*l)*avg
0,78250000.0,144500000,81000000.0,347.093915373,3.00117957763,146250000,12.0,8.0,29.4054343666
1,36500000.0,144500000,43500000.0,129.182690473,1.58931304234,146000000,29.0,7.0,22.6442252495
2,0.0,144500000,1750000.0,124.689832292,2.47925210603,146250000,8.0,8.0,19.8340168482
3,73000000.0,144250000,76750000.0,34.2560305689,1.43816308069,146000000,16.0,8.0,16.2709578689
4,44500000.0,124250000,44500000.0,33.2661624315,6.9203763603,124500000,1.0,2.0,9.78689010546
5,47500000.0,144250000,48500000.0,30.2365113846,2.2282069304,145750000,5.0,7.0,13.1822499735
6,32500000.0,7000000,33000000.0,23.7855407687,5.32647262052,7000000,3.0,1.0,9.22572120387
7,44500000.0,5000000,44500000.0,28.5753215257,8.67641066383,5000000,1.0,1.0,8.67641066383
