,start col,start row,stop col,score,avg,stop row,column size,row size,sqrt(k*l)*avg
0,65000000.0,67750000,74750000.0,619.428809146,1.11499471084,76250000,40.0,35.0,41.7192819603
1,66000000.0,64000000,75750000.0,259.740750854,1.2629778587,67250000,40.0,14.0,29.8875111054
2,39250000.0,64000000,43750000.0,110.839075752,1.08601427234,70000000,19.0,25.0,23.6691323219
3,39000000.0,72000000,44000000.0,101.135994311,1.15970789048,76250000,21.0,18.0,22.5472983723
4,66250000.0,0,76000000.0,32.4617703398,0.940715683569,2750000,40.0,12.0,20.6100480036
5,102250000.0,0,102250000.0,28.3986754738,6.56886498409,250000,1.0,2.0,9.2897779499
