,start col,start row,stop col,score,avg,stop row,column size,row size,sqrt(k*l)*avg
0,28250000.0,84000000,28500000.0,9.10345395082,3.19843798983,84750000,2.0,4.0,9.04654876725
