,start col,start row,stop col,score,avg,stop row,column size,row size,sqrt(k*l)*avg
0,129500000.0,167500000,133500000.0,193.670394008,1.71503827146,170500000,17.0,13.0,25.4958768478
1,70250000.0,34500000,75750000.0,54.7481398024,1.20941253621,37250000,23.0,12.0,20.0922700668
2,102500000.0,34500000,105250000.0,20.3608015215,1.34567651931,37250000,12.0,12.0,16.1481182317
