,start col,start row,stop col,score,avg,stop row,column size,row size,sqrt(k*l)*avg
0,70250000.0,59250000,70250000.0,23.352260666,5.47658218439,59750000,1.0,3.0,9.48571859519
