,start col,start row,stop col,score,avg,stop row,column size,row size,sqrt(k*l)*avg
0,131250000.0,194500000,136250000.0,74.4917421548,1.28694838352,197500000,21.0,13.0,21.2638770389
1,132000000.0,170250000,136750000.0,34.162673901,1.4190330015,172000000,20.0,8.0,17.9495054387
2,168500000.0,0,169000000.0,7.70707501873,2.32569353613,1750000,3.0,8.0,11.3935249232
3,164750000.0,191500000,165500000.0,7.55976823428,2.75490681908,192000000,4.0,3.0,9.54327716153
