,start col,start row,stop col,score,avg,stop row,column size,row size,sqrt(k*l)*avg
0,500000.0,66500000,4500000.0,356.051622299,1.27244624929,76000000,17.0,39.0,32.7639466519
1,500000.0,39000000,4500000.0,153.393597953,1.27164447466,44000000,17.0,21.0,24.0270148409
2,750000.0,63500000,4500000.0,73.9137928478,1.40990752779,66000000,16.0,11.0,18.7045370351
3,0.0,102000000,0.0,58.8587056751,8.50034973089,102250000,1.0,2.0,12.0213098743
4,45250000.0,66500000,46500000.0,39.3561684968,1.26716196262,76000000,6.0,39.0,19.3838507228
5,31250000.0,30500000,31500000.0,34.5143168048,6.89672723989,30500000,2.0,1.0,9.75344519864
