,start col,start row,stop col,score,avg,stop row,column size,row size,sqrt(k*l)*avg
0,47500000.0,1750000,50000000.0,387.530757146,1.99777983017,7500000,11.0,24.0,32.4600801286
