,start col,start row,stop col,score,avg,stop row,column size,row size,sqrt(k*l)*avg
0,113750000.0,195250000,115000000.0,15.0027315559,1.7188158109,197750000,6.0,11.0,13.9637256582
