,start col,start row,stop col,score,avg,stop row,column size,row size,sqrt(k*l)*avg
0,60750000.0,250000,62750000.0,59.2641482656,1.70492647144,2750000,9.0,11.0,16.9638042027
1,33000000.0,49250000,35250000.0,32.8887528764,1.25196060607,53750000,10.0,19.0,17.2570860298
2,47750000.0,750000,49750000.0,17.4995722555,1.52750239807,2750000,9.0,9.0,13.7475215826
3,33000000.0,250000,35250000.0,16.1236387283,1.4629227876,2250000,10.0,9.0,13.8785041493
4,61000000.0,51250000,62750000.0,16.0566525893,1.48909996814,53750000,8.0,11.0,13.968995917
5,33000000.0,121750000,34500000.0,11.997940603,1.61671579292,123750000,7.0,9.0,12.8322837862
