,start col,start row,stop col,score,avg,stop row,column size,row size,sqrt(k*l)*avg
0,1250000.0,2000000,2500000.0,55.1224507552,2.10763544863,4250000,6.0,10.0,16.3256739848
1,47250000.0,162000000,47250000.0,33.1670437244,9.26204573788,162000000,1.0,1.0,9.26204573788
2,0.0,0,750000.0,25.9901834255,3.78045894323,250000,4.0,2.0,10.692752619
3,51250000.0,92000000,51250000.0,18.6229120927,4.73784348174,92750000,1.0,4.0,9.47568696348
4,46250000.0,99250000,46250000.0,51.4510485793,11.0457171182,99250000,1.0,1.0,11.0457171182
5,56000000.0,70250000,56000000.0,22.8303421631,8.08560061728,70250000,1.0,1.0,8.08560061728
6,47250000.0,29750000,47250000.0,28.1257725996,8.70766915341,29750000,1.0,1.0,8.70766915341
