,start col,start row,stop col,score,avg,stop row,column size,row size,sqrt(k*l)*avg
0,58000000.0,74500000,58000000.0,26.372121251,8.42746038205,74500000,1.0,1.0,8.42746038205
1,23750000.0,74500000,23750000.0,23.9081463377,8.13406881922,74500000,1.0,1.0,8.13406881922
2,32750000.0,74500000,32750000.0,23.1996397972,8.04778138858,74500000,1.0,1.0,8.04778138858
3,48000000.0,143250000,48250000.0,18.0182260913,5.67924135899,143250000,2.0,1.0,8.03166015387
