,start col,start row,stop col,score,avg,stop row,column size,row size,sqrt(k*l)*avg
0,53500000.0,1750000,57500000.0,154.244879667,1.23636821282,7500000,17.0,24.0,24.973413742
1,0.0,28000000,0.0,34.6559160056,7.02665808633,28250000,1.0,2.0,9.93719516385
