,start col,start row,stop col,score,avg,stop row,column size,row size,sqrt(k*l)*avg
0,37250000.0,99750000,40750000.0,28.4332762485,1.29427549278,102000000,15.0,10.0,15.8515727195
