,start col,start row,stop col,score,avg,stop row,column size,row size,sqrt(k*l)*avg
0,126000000.0,162000000,132000000.0,415.245471669,1.19970105062,170750000,25.0,36.0,35.9910315186
1,0.0,0,0.0,134.704096619,7.056699499,1500000,1.0,7.0,18.6702719513
2,120750000.0,34500000,123500000.0,16.3812351882,1.32423939651,37250000,12.0,12.0,15.8908727581
3,129750000.0,168750000,130500000.0,13.5499385281,3.34234972246,169000000,4.0,2.0,9.45359261539
4,117750000.0,168500000,118000000.0,7.44366769172,3.36972840761,169000000,2.0,3.0,8.25411517041
5,121000000.0,132000000,123750000.0,6.47099561278,1.27142771697,134750000,12.0,12.0,15.2571326036
6,250000.0,34500000,2500000.0,2.28121268112,1.32039931418,37250000,10.0,12.0,14.4642497858
7,49250000.0,34500000,50500000.0,2.00673577222,1.5622642582,37250000,6.0,12.0,13.2562518117
8,0.0,1750000,0.0,0.971042287405,3.58248053404,2750000,1.0,5.0,8.01067000218
