,start col,start row,stop col,score,avg,stop row,column size,row size,sqrt(k*l)*avg
0,125750000.0,177750000,133000000.0,220.095026459,2.18189737963,178750000,30.0,5.0,26.722676256
1,0.0,0,250000.0,28.9832196325,4.30240773601,500000,2.0,3.0,10.5387036186
2,43500000.0,70250000,44000000.0,21.0195717696,5.26112227871,70250000,3.0,1.0,9.11253109156
3,12500000.0,70250000,12750000.0,16.7189574309,5.67107810698,70250000,2.0,1.0,8.02011557217
4,120750000.0,137750000,124000000.0,10.5856744174,1.56238871179,139000000,14.0,6.0,14.3195290734
