,start col,start row,stop col,score,avg,stop row,column size,row size,sqrt(k*l)*avg
0,8750000.0,191000000,9250000.0,15.4672253119,4.73769895223,191000000,3.0,1.0,8.20593529623
