,start col,start row,stop col,score,avg,stop row,column size,row size,sqrt(k*l)*avg
0,106000000.0,137750000,107250000.0,44.8015326841,1.83295953254,140750000,6.0,13.0,16.188260269
1,107000000.0,0,107250000.0,39.3265151336,3.85729953568,1000000,2.0,5.0,12.1978521503
2,106000000.0,142500000,107250000.0,35.8797189445,2.65304234976,143250000,6.0,4.0,12.9972000458
3,98000000.0,138750000,99250000.0,27.6889180048,1.98166178088,140500000,6.0,8.0,13.7293555516
4,67500000.0,12000000,68500000.0,24.7563122757,4.62057976519,12000000,5.0,1.0,10.3319304504
5,30250000.0,12000000,31000000.0,15.5052637108,4.46216178993,12000000,4.0,1.0,8.92432357986
6,104500000.0,142500000,104750000.0,15.2059619017,3.17692420375,143500000,2.0,5.0,10.0463164376
