,start col,start row,stop col,score,avg,stop row,column size,row size,sqrt(k*l)*avg
0,19250000.0,25750000,26250000.0,232.61891419,1.26899719433,29500000,29.0,16.0,27.335036125
1,19500000.0,46500000,22000000.0,69.0331107331,1.90191357856,48000000,11.0,7.0,16.6892239198
2,44500000.0,100750000,48000000.0,32.2865559036,1.00924282486,105750000,15.0,21.0,17.9122832172
3,19500000.0,40250000,22000000.0,26.3846294404,1.79369871993,41250000,11.0,5.0,13.3024257331
4,19500000.0,27250000,21250000.0,8.81757456075,1.58833349325,28750000,8.0,7.0,11.8859994954
5,31250000.0,27500000,32000000.0,5.51035315919,2.1371230959,28500000,4.0,5.0,9.55750503743
