,start col,start row,stop col,score,avg,stop row,column size,row size,sqrt(k*l)*avg
0,84000000.0,113750000,90000000.0,212.056628273,2.08653851966,115000000,25.0,6.0,25.5547735091
1,0.0,113750000,4750000.0,177.304091169,2.15396339091,115000000,20.0,6.0,23.5954867448
