,start col,start row,stop col,score,avg,stop row,column size,row size,sqrt(k*l)*avg
0,84750000.0,100250000,90000000.0,57.1086853739,1.09130080343,103750000,22.0,15.0,19.8244635836
1,84250000.0,73500000,90000000.0,42.2792381311,1.23969087765,75500000,24.0,9.0,18.2196605342
2,0.0,100500000,4000000.0,40.3761072215,1.13977838071,104000000,17.0,15.0,18.2008011656
3,32750000.0,104750000,33000000.0,33.8325488315,6.91192760579,104750000,2.0,1.0,9.77494176225
4,32000000.0,107250000,32000000.0,29.7215302694,8.78323507921,107250000,1.0,1.0,8.78323507921
5,33000000.0,48500000,33000000.0,32.8980807358,9.13356100887,48500000,1.0,1.0,9.13356100887
6,18000000.0,28000000,18250000.0,21.5456126608,5.96917750982,28000000,2.0,1.0,8.4416917906
