,start col,start row,stop col,score,avg,stop row,column size,row size,sqrt(k*l)*avg
0,84500000.0,120750000,90000000.0,165.116910837,1.38040733759,124000000,23.0,14.0,24.7705240657
1,84750000.0,49250000,90000000.0,158.398894225,1.22666950247,53750000,22.0,19.0,25.0793172265
2,0.0,49000000,4500000.0,141.318965387,1.24037718017,53750000,19.0,20.0,24.1794025702
3,0.0,0,4500000.0,104.038464885,1.52124401653,2250000,19.0,10.0,20.9689016877
4,84750000.0,0,90000000.0,86.2137469847,1.3830718332,2250000,22.0,10.0,20.5142704738
5,0.0,121250000,4500000.0,44.8417203274,1.21550327479,124000000,19.0,12.0,18.3536969604
6,0.0,56250000,4750000.0,42.915166594,1.38612592838,58000000,20.0,8.0,17.53326023
7,33000000.0,130000000,33000000.0,32.0274945255,9.06292640543,130000000,1.0,1.0,9.06292640543
8,33000000.0,70000000,33000000.0,25.0937508449,8.27326421609,70000000,1.0,1.0,8.27326421609
