,start col,start row,stop col,score,avg,stop row,column size,row size,sqrt(k*l)*avg
0,0.0,146250000,250000.0,28.4481787417,6.47420367021,146250000,2.0,1.0,9.15590663598
