,start col,start row,stop col,score,avg,stop row,column size,row size,sqrt(k*l)*avg
0,63500000.0,34500000,73250000.0,254.531432092,1.40280798366,37000000,40.0,11.0,29.4255485109
1,63500000.0,132000000,72500000.0,138.430784447,1.11509468744,135250000,37.0,14.0,25.3791239387
2,39000000.0,34500000,43750000.0,38.2784924015,1.22941332331,37000000,20.0,11.0,18.2351464567
3,23250000.0,68000000,23250000.0,23.7062781121,8.15139748385,68000000,1.0,1.0,8.15139748385
4,30500000.0,96750000,30500000.0,31.6626794257,9.06373531125,96750000,1.0,1.0,9.06373531125
5,32500000.0,97000000,32500000.0,23.3779726599,6.21734662761,97250000,1.0,2.0,8.79265592274
6,30500000.0,8500000,30500000.0,26.8099457065,8.51861842826,8500000,1.0,1.0,8.51861842826
7,23250000.0,14500000,23250000.0,21.8824750214,6.09744957707,14750000,1.0,2.0,8.62309588778
8,30500000.0,119750000,30500000.0,23.9355117451,8.17906840746,119750000,1.0,1.0,8.17906840746
