,start col,start row,stop col,score,avg,stop row,column size,row size,sqrt(k*l)*avg
0,121500000.0,194250000,125500000.0,58.1942250569,1.28679928747,197500000,17.0,14.0,19.8517725325
1,144500000.0,195250000,146000000.0,36.5840853172,1.85601198463,197500000,7.0,10.0,15.5285103631
