,start col,start row,stop col,score,avg,stop row,column size,row size,sqrt(k*l)*avg
0,113500000.0,0,115000000.0,96.1586350265,2.24283005558,2250000,7.0,10.0,18.7648625381
1,52750000.0,74500000,52750000.0,34.3693300303,9.35875404169,74500000,1.0,1.0,9.35875404169
2,82750000.0,143250000,83000000.0,22.9172997567,6.15226901318,143250000,2.0,1.0,8.70062227781
3,112250000.0,155750000,112250000.0,12.9671087324,4.73544583809,156250000,1.0,3.0,8.20203278806
4,112000000.0,153500000,112750000.0,12.4071160397,2.83169667777,154000000,4.0,3.0,9.80928503504
