,start col,start row,stop col,score,avg,stop row,column size,row size,sqrt(k*l)*avg
0,75000000.0,128000000,76500000.0,56.7246903354,1.65947335054,131750000,7.0,16.0,17.5622151715
1,77500000.0,0,78000000.0,54.27868907,5.10353249408,250000,3.0,2.0,12.5010504962
