,start col,start row,stop col,score,avg,stop row,column size,row size,sqrt(k*l)*avg
0,114000000.0,144500000,115000000.0,187.826416457,3.53546254502,146250000,5.0,8.0,22.360228449
1,112000000.0,142500000,112750000.0,63.1522580712,3.28551122723,143500000,4.0,5.0,14.6932528899
2,55000000.0,86500000,56000000.0,19.585456971,4.4090434758,86500000,5.0,1.0,9.85892092764
