,start col,start row,stop col,score,avg,stop row,column size,row size,sqrt(k*l)*avg
0,44500000.0,130000000,48000000.0,637.606161396,1.65851703063,139750000,15.0,40.0,40.6252045476
1,19500000.0,9250000,24750000.0,107.759801723,1.30785329921,12000000,22.0,12.0,21.2501008608
2,19500000.0,28500000,22000000.0,80.4039409541,1.99032630392,30000000,11.0,7.0,17.4650424362
3,21000000.0,69250000,21000000.0,34.8333999766,9.30294659172,69250000,1.0,1.0,9.30294659172
4,41750000.0,69000000,42000000.0,34.4692582154,6.88677927037,69000000,2.0,1.0,9.73937664523
5,20000000.0,69250000,20000000.0,33.8123824779,9.19379480303,69250000,1.0,1.0,9.19379480303
6,35000000.0,129000000,38250000.0,24.7011837779,0.904375773574,137250000,14.0,34.0,19.7311499147
7,19250000.0,23250000,22000000.0,22.3441788285,1.39924075263,25250000,12.0,9.0,14.5413364535
8,19250000.0,68500000,19500000.0,69.3454901637,9.0572771183,68500000,2.0,1.0,12.8089241389
