,start col,start row,stop col,score,avg,stop row,column size,row size,sqrt(k*l)*avg
0,61000000.0,0,62750000.0,266.813416123,2.70638500601,2750000,8.0,12.0,26.517049249
1,33000000.0,63750000,35250000.0,210.754268725,1.63699264341,70000000,10.0,26.0,26.3957132465
2,60750000.0,63750000,62750000.0,205.547852304,1.63462697136,70750000,9.0,29.0,26.4082069169
3,33000000.0,71500000,35250000.0,89.0647302834,1.44344668038,76250000,10.0,20.0,20.4134187196
4,33000000.0,0,35250000.0,27.9682360002,1.6133453639,1750000,10.0,8.0,14.4301996195
