,start col,start row,stop col,score,avg,stop row,column size,row size,sqrt(k*l)*avg
0,75000000.0,106250000,76500000.0,100.203341049,3.26371723628,107000000,7.0,4.0,17.2699683137
1,62000000.0,27500000,64500000.0,87.9484642328,2.19807519852,28750000,11.0,6.0,17.8572473291
2,75250000.0,97250000,76500000.0,71.7523766197,2.17014388677,99500000,6.0,10.0,16.8098622647
3,1250000.0,25750000,2250000.0,20.879637018,1.69623490405,29000000,5.0,14.0,14.1917193983
4,62000000.0,46750000,63750000.0,18.2911251476,2.35560392078,47250000,8.0,3.0,11.540055284
