,start col,start row,stop col,score,avg,stop row,column size,row size,sqrt(k*l)*avg
0,750000.0,1750000,5500000.0,118.46037173,1.2496541379,6000000,20.0,18.0,23.7105201793
1,145750000.0,0,146250000.0,24.4926753656,4.12509911685,250000,3.0,2.0,10.1043879747
2,7000000.0,25750000,7000000.0,22.3668629847,6.17387115911,26000000,1.0,2.0,8.73117232556
3,7000000.0,17250000,7000000.0,21.9620890398,6.14142088214,17500000,1.0,2.0,8.68528070376
