,start col,start row,stop col,score,avg,stop row,column size,row size,sqrt(k*l)*avg
0,120750000.0,129750000,125500000.0,130.130571813,1.07761127887,136500000,20.0,28.0,25.5009372039
1,138750000.0,167500000,143750000.0,78.177407219,1.246431893,170750000,21.0,14.0,21.3718549589
2,108500000.0,94500000,108500000.0,49.0774642548,4.10371159561,97750000,1.0,14.0,15.3546828049
3,136750000.0,164500000,139000000.0,25.0017738659,1.97824280573,165500000,10.0,5.0,13.9882890277
4,7000000.0,118250000,7000000.0,16.9549959783,5.71568540462,118500000,1.0,2.0,8.08319981747
