,start col,start row,stop col,score,avg,stop row,column size,row size,sqrt(k*l)*avg
0,77500000.0,0,78000000.0,59.8612929647,3.90954089298,750000,3.0,4.0,13.5430469218
1,77500000.0,80500000,78000000.0,43.3250495891,3.96959569286,81000000,3.0,3.0,11.9087870786
2,69000000.0,50000000,70500000.0,24.3219492639,1.647500408,52250000,7.0,10.0,13.7839773507
3,75000000.0,10750000,76750000.0,9.29526934375,1.95541570367,11500000,8.0,4.0,11.0615016328
4,45000000.0,44500000,45000000.0,24.9998799246,8.18465644443,44500000,1.0,1.0,8.18465644443
5,62750000.0,50750000,63500000.0,6.30870898312,2.53451888981,51250000,4.0,3.0,8.77983097979
