,start col,start row,stop col,score,avg,stop row,column size,row size,sqrt(k*l)*avg
0,106000000.0,130000000,107000000.0,140.365592067,2.4671334217,133500000,5.0,15.0,21.3660021772
1,97500000.0,132000000,99500000.0,50.452430035,1.98387638998,133500000,9.0,7.0,15.7465306793
2,53000000.0,46250000,53250000.0,47.4020665367,7.86103723777,46250000,2.0,1.0,11.117185476
3,44500000.0,47250000,44500000.0,26.1525530519,8.42024133825,47250000,1.0,1.0,8.42024133825
4,29000000.0,46250000,29000000.0,34.2833462935,9.32538217829,46250000,1.0,1.0,9.32538217829
