,start col,start row,stop col,score,avg,stop row,column size,row size,sqrt(k*l)*avg
0,23500000.0,67250000,24500000.0,5.63121779004,2.1641754776,68000000,5.0,4.0,9.6784869663
1,46250000.0,34500000,48000000.0,4.63424551027,1.4372655467,36750000,8.0,10.0,12.8552938566
2,44250000.0,33250000,48000000.0,2.59700432849,1.53082068084,34000000,16.0,4.0,12.2465654467
