,start col,start row,stop col,score,avg,stop row,column size,row size,sqrt(k*l)*avg
0,106000000.0,157250000,107250000.0,156.72376269,3.05181036143,159000000,6.0,8.0,21.1435624042
1,88250000.0,74500000,88250000.0,29.2762277016,8.7966968694,74500000,1.0,1.0,8.7966968694
2,86750000.0,74500000,86750000.0,28.5619543123,8.71615024103,74500000,1.0,1.0,8.71615024103
3,97000000.0,74500000,97000000.0,26.1314168244,8.43645461589,74500000,1.0,1.0,8.43645461589
4,105000000.0,74500000,105000000.0,24.3415383128,8.22456756112,74500000,1.0,1.0,8.22456756112
5,97750000.0,157250000,99500000.0,21.0317853404,2.20880328362,158000000,8.0,4.0,12.4948782412
6,106250000.0,152750000,107000000.0,26.1009319511,2.30052559452,154500000,4.0,8.0,13.0137379854
