,start col,start row,stop col,score,avg,stop row,column size,row size,sqrt(k*l)*avg
0,45000000.0,21750000,48000000.0,59.3208845025,1.19458454229,27000000,13.0,22.0,20.2022577303
1,41250000.0,142750000,41750000.0,38.5825034938,4.55854046407,143000000,3.0,2.0,11.1660981088
2,19750000.0,143000000,21500000.0,38.0021448381,4.26735918985,143000000,8.0,1.0,12.0699144836
3,42750000.0,148000000,43000000.0,32.51505441,6.78651750456,148000000,2.0,1.0,9.59758509623
4,45250000.0,148000000,45500000.0,26.893663529,6.36382952749,148000000,2.0,1.0,8.99981402641
5,40250000.0,148000000,40500000.0,24.8905063091,6.20641749341,148000000,2.0,1.0,8.77719979293
6,48000000.0,0,48000000.0,23.5545174408,8.08690667509,0,1.0,1.0,8.08690667509
