,start col,start row,stop col,score,avg,stop row,column size,row size,sqrt(k*l)*avg
0,44250000.0,66500000,48000000.0,289.908319796,1.20794519907,76250000,16.0,40.0,30.5588649418
1,34750000.0,63500000,38250000.0,253.0833558,1.19405707576,73250000,15.0,40.0,29.2483055937
2,44250000.0,39000000,48000000.0,122.386175987,1.22410615043,44000000,16.0,21.0,22.438236372
3,34750000.0,38750000,38500000.0,68.7123117347,1.06879920318,44000000,16.0,22.0,20.0524505067
4,25250000.0,23250000,25250000.0,25.7680752644,8.24698421476,23250000,1.0,1.0,8.24698421476
5,41000000.0,26500000,42000000.0,22.4626324398,2.16078678329,27750000,5.0,6.0,11.8351166317
6,42500000.0,23250000,42750000.0,22.083915867,5.90544696346,23250000,2.0,1.0,8.3515631876
7,44250000.0,63250000,48000000.0,19.791352951,1.09412592928,66250000,16.0,13.0,15.7797085593
8,18750000.0,23250000,19000000.0,19.1856902152,5.65841121227,23250000,2.0,1.0,8.00220187788
