,start col,start row,stop col,score,avg,stop row,column size,row size,sqrt(k*l)*avg
0,78000000.0,113750000,81000000.0,227.918891011,2.80280193185,115000000,13.0,6.0,24.7536764178
1,0.0,114000000,2000000.0,67.0209468063,2.38814560996,115000000,9.0,5.0,16.0201677721
2,39250000.0,113750000,48750000.0,52.2343752732,1.29125834367,115000000,39.0,6.0,19.7524544744
3,44500000.0,57000000,44500000.0,33.5790731319,9.20286535074,57000000,1.0,1.0,9.20286535074
4,44500000.0,30750000,44500000.0,32.5739960094,9.09427185459,30750000,1.0,1.0,9.09427185459
5,44500000.0,79500000,44500000.0,27.1300062221,8.48255086175,79500000,1.0,1.0,8.48255086175
6,44500000.0,104500000,44500000.0,25.9397907299,8.34299339996,104500000,1.0,1.0,8.34299339996
7,44500000.0,75000000,44500000.0,25.6017085854,8.3029356668,75000000,1.0,1.0,8.3029356668
