,start col,start row,stop col,score,avg,stop row,column size,row size,sqrt(k*l)*avg
0,19500000.0,82500000,24750000.0,95.231808419,1.37825225632,84750000,22.0,10.0,20.4427845963
