,start col,start row,stop col,score,avg,stop row,column size,row size,sqrt(k*l)*avg
0,60750000.0,100500000,62750000.0,-0.41242017085,1.08793414257,105750000,9.0,22.0,15.3085903439
1,33000000.0,73750000,35250000.0,-0.759161848163,1.35746202297,75500000,10.0,8.0,12.1415094409
