,start col,start row,stop col,score,avg,stop row,column size,row size,sqrt(k*l)*avg
0,106000000.0,191000000,107250000.0,72.3989632901,5.92196705976,191000000,6.0,1.0,14.50579757
