,start col,start row,stop col,score,avg,stop row,column size,row size,sqrt(k*l)*avg
0,44000000.0,0,48000000.0,233.669680028,1.98264297278,2250000,17.0,10.0,25.8505016736
1,19250000.0,52000000,22000000.0,87.4479536934,1.71174043142,54250000,12.0,10.0,18.7511769376
