,start col,start row,stop col,score,avg,stop row,column size,row size,sqrt(k*l)*avg
0,35750000.0,500000,45500000.0,80.3492008879,1.05539230575,2750000,40.0,10.0,21.107846115
1,37250000.0,49250000,40750000.0,73.6243222972,1.18747115747,53750000,15.0,19.0,20.0468204137
2,38000000.0,121500000,40750000.0,12.9032881591,1.33787923587,123500000,12.0,9.0,13.9036488655
3,29250000.0,500000,31500000.0,11.3105618124,1.36657516531,2750000,10.0,10.0,13.6657516531
