,start col,start row,stop col,score,avg,stop row,column size,row size,sqrt(k*l)*avg
0,167000000.0,0,170750000.0,195.194978192,1.49933999295,4750000,16.0,20.0,26.821009165
1,131250000.0,217000000,136250000.0,91.2642634718,1.34105477023,220000000,21.0,13.0,22.1578612644
2,84750000.0,89500000,85000000.0,38.9602567663,7.41130536486,89500000,2.0,1.0,10.4811685619
3,34500000.0,25250000,37250000.0,33.2906443322,1.37493422496,28500000,12.0,14.0,17.8211843787
4,119500000.0,87250000,119750000.0,32.1368659679,6.94035238572,87250000,2.0,1.0,9.81514047153
5,26750000.0,87250000,26750000.0,30.6833615398,9.05091211723,87250000,1.0,1.0,9.05091211723
6,24250000.0,89500000,24500000.0,27.7815090993,6.62261490398,89500000,2.0,1.0,9.36579181558
