,start col,start row,stop col,score,avg,stop row,column size,row size,sqrt(k*l)*avg
0,62750000.0,41750000,72500000.0,64.5510527992,0.873515308107,45750000,40.0,17.0,22.7784923904
1,41750000.0,43000000,41750000.0,63.1553892492,5.65127125392,44250000,1.0,6.0,13.8427309702
2,63000000.0,113750000,71000000.0,21.0289335232,1.26989801598,115000000,33.0,6.0,17.8690490026
3,23250000.0,55500000,23250000.0,22.6658125573,7.97587596685,55500000,1.0,1.0,7.97587596685
