,start col,start row,stop col,score,avg,stop row,column size,row size,sqrt(k*l)*avg
0,113750000.0,241500000,115000000.0,110.133928397,2.89568217018,243000000,6.0,7.0,18.7661652899
1,23250000.0,87250000,23500000.0,19.7743046958,5.93016501927,87250000,2.0,1.0,8.38651979736
