,start col,start row,stop col,score,avg,stop row,column size,row size,sqrt(k*l)*avg
0,36750000.0,114000000,39750000.0,26.9805610732,1.71519151734,115000000,13.0,5.0,13.8283161005
1,50750000.0,113750000,51000000.0,22.0130503162,3.13177118381,115000000,2.0,6.0,10.8487736161
2,48000000.0,112250000,49750000.0,21.4453372168,2.35506803005,112750000,8.0,3.0,11.5374299663
3,41500000.0,113750000,43500000.0,14.2954741331,1.6779431596,115000000,9.0,6.0,12.3303136752
