,start col,start row,stop col,score,avg,stop row,column size,row size,sqrt(k*l)*avg
0,33000000.0,70250000,35250000.0,51.3214296308,1.25198849825,75750000,10.0,23.0,18.9873456792
1,33000000.0,102500000,35250000.0,24.8498568019,1.43292374786,105000000,10.0,11.0,15.0286310551
