,start col,start row,stop col,score,avg,stop row,column size,row size,sqrt(k*l)*avg
0,47750000.0,75000000,49750000.0,149.378182104,2.59446600695,76500000,9.0,7.0,20.5929355182
1,50000000.0,77000000,51000000.0,26.3097674743,2.34328131387,78000000,5.0,5.0,11.7164065693
