,start col,start row,stop col,score,avg,stop row,column size,row size,sqrt(k*l)*avg
0,45250000.0,21000000,46500000.0,58.4616419698,1.56518934711,27750000,6.0,28.0,20.2871726051
1,59000000.0,148000000,59000000.0,23.82382154,8.14454451898,148000000,1.0,1.0,8.14454451898
2,57000000.0,143500000,57250000.0,19.1262667714,5.76531678761,143500000,2.0,1.0,8.15338919242
