,start col,start row,stop col,score,avg,stop row,column size,row size,sqrt(k*l)*avg
0,112000000.0,125500000,113000000.0,98.0484995461,1.82322466666,132000000,5.0,27.0,21.1839563111
1,113750000.0,120500000,115000000.0,31.4284431871,1.6942945656,123750000,6.0,14.0,15.5284661928
2,114000000.0,0,115000000.0,30.5599281509,2.52304739414,1000000,5.0,5.0,12.6152369707
