,start col,start row,stop col,score,avg,stop row,column size,row size,sqrt(k*l)*avg
0,44500000.0,97250000,44500000.0,41.7468933585,10.0925979069,97250000,1.0,1.0,10.0925979069
1,44500000.0,80500000,44500000.0,26.8444994263,8.50821520904,80500000,1.0,1.0,8.50821520904
2,44500000.0,157250000,44500000.0,25.9499836103,8.40385220039,157250000,1.0,1.0,8.40385220039
3,44500000.0,126750000,44500000.0,25.8371734874,8.39060092659,126750000,1.0,1.0,8.39060092659
4,44500000.0,182000000,44500000.0,25.0343497509,8.29570216834,182000000,1.0,1.0,8.29570216834
5,44500000.0,110500000,44500000.0,22.7955531661,8.02530379802,110500000,1.0,1.0,8.02530379802
6,44500000.0,153750000,44500000.0,22.6393570271,8.00610765304,153750000,1.0,1.0,8.00610765304
7,44500000.0,160000000,44500000.0,22.5575895552,7.99604077619,160000000,1.0,1.0,7.99604077619
8,44500000.0,113500000,44500000.0,22.347466373,7.9701146503,113500000,1.0,1.0,7.9701146503
