,start col,start row,stop col,score,avg,stop row,column size,row size,sqrt(k*l)*avg
0,84250000.0,0,90000000.0,340.197677446,1.98133188268,2250000,24.0,10.0,30.6946615397
1,0.0,0,3750000.0,266.550107318,2.1649776264,2250000,16.0,10.0,27.3850415309
2,84500000.0,99750000,90000000.0,134.504734234,1.51235715898,102000000,23.0,10.0,22.9360319269
3,0.0,99500000,4250000.0,104.980553181,1.50308636624,102000000,18.0,11.0,21.1502999418
4,32750000.0,53250000,32750000.0,60.5165492426,4.90009397921,55250000,1.0,9.0,14.7002819376
5,18250000.0,85750000,18500000.0,28.3267453175,6.53580156197,85750000,2.0,1.0,9.24301920992
6,33000000.0,52000000,33000000.0,76.0746177004,9.52158435036,52250000,1.0,2.0,13.4655537236
7,32750000.0,52750000,32750000.0,26.7750429193,8.49141270866,52750000,1.0,1.0,8.49141270866
8,32750000.0,48750000,32750000.0,20.6851928159,5.97734340259,49000000,1.0,2.0,8.4532401069
