,start col,start row,stop col,score,avg,stop row,column size,row size,sqrt(k*l)*avg
0,50250000.0,94000000,50250000.0,48.4203421539,4.80164812023,95750000,1.0,8.0,13.5811117867
