,start col,start row,stop col,score,avg,stop row,column size,row size,sqrt(k*l)*avg
0,48000000.0,750000,49750000.0,102.286902836,3.50861128425,1250000,8.0,3.0,17.1886147044
1,50750000.0,144500000,51000000.0,25.7724897981,3.01349251361,146250000,2.0,8.0,12.0539700544
2,37500000.0,144500000,39750000.0,21.5241410844,1.62126018908,146000000,10.0,7.0,13.5644359281
3,41500000.0,144750000,43250000.0,12.8843060051,1.84988419325,145750000,8.0,5.0,11.6996949164
