,start col,start row,stop col,score,avg,stop row,column size,row size,sqrt(k*l)*avg
0,33000000.0,21500000,35250000.0,141.44715371,1.46984554098,28250000,10.0,28.0,24.5952201863
1,61000000.0,21750000,62750000.0,46.999946087,1.42983004554,27000000,8.0,22.0,18.9688391001
