,start col,start row,stop col,score,avg,stop row,column size,row size,sqrt(k*l)*avg
0,19250000.0,24000000,25000000.0,361.739198771,1.40809673198,29250000,24.0,22.0,32.355599557
1,41000000.0,1750000,42250000.0,133.750456969,2.0931363057,6000000,6.0,18.0,21.7525105718
2,42500000.0,0,48000000.0,128.690127849,1.59754648222,1750000,23.0,8.0,21.6701748116
3,31250000.0,24000000,32000000.0,59.0443425482,1.96054243003,29250000,4.0,22.0,18.3915182232
4,19250000.0,2750000,22250000.0,47.8918570863,1.52487799773,4750000,13.0,9.0,16.4940774289
5,19750000.0,18750000,22000000.0,24.7684532391,2.02155139123,19500000,10.0,4.0,12.7854136067
6,19500000.0,23000000,21750000.0,15.6372469497,2.12135573332,23500000,10.0,3.0,11.6191438763
7,31250000.0,2500000,32250000.0,8.83678286024,1.76118494394,4750000,5.0,10.0,12.4534581678
