,start col,start row,stop col,score,avg,stop row,column size,row size,sqrt(k*l)*avg
0,75000000.0,5500000,76500000.0,46.5836075896,1.83804903808,7750000,7.0,10.0,15.3782215697
1,49000000.0,32000000,49250000.0,18.9269219003,5.70896509911,32000000,2.0,1.0,8.07369587028
2,25000000.0,18250000,25250000.0,37.7392576728,7.1543128776,18250000,2.0,1.0,10.117726301
3,68500000.0,32750000,68500000.0,39.6519600324,7.29545008363,33000000,1.0,2.0,10.3173244519
