,start col,start row,stop col,score,avg,stop row,column size,row size,sqrt(k*l)*avg
0,63500000.0,195250000,72500000.0,42.9982414489,1.03166141178,197750000,37.0,11.0,20.8129859535
1,30500000.0,75250000,30500000.0,28.9465416439,8.77918645709,75250000,1.0,1.0,8.77918645709
2,30500000.0,87250000,30500000.0,26.9043123328,8.54646378187,87250000,1.0,1.0,8.54646378187
