,start col,start row,stop col,score,avg,stop row,column size,row size,sqrt(k*l)*avg
0,250000.0,114000000,4500000.0,25.2026522308,1.92065840454,114500000,18.0,3.0,14.1138991839
