,start col,start row,stop col,score,avg,stop row,column size,row size,sqrt(k*l)*avg
0,125750000.0,133000000,132000000.0,268.151374748,1.97358258028,134750000,26.0,8.0,28.4634127582
1,49250000.0,63750000,53750000.0,95.1424951789,1.29013135765,67250000,19.0,15.0,21.7799240632
2,121750000.0,64000000,124000000.0,86.0165449794,1.70473215067,67000000,10.0,13.0,19.4369370457
3,250000.0,72000000,2500000.0,30.1659971347,1.29375596401,76250000,10.0,18.0,17.3575576909
4,56500000.0,64000000,57750000.0,23.5501560426,1.64575758791,67250000,6.0,14.0,15.0836174443
5,0.0,0,2500000.0,22.1860708978,1.51651344078,2000000,11.0,9.0,15.0891182178
