,start col,start row,stop col,score,avg,stop row,column size,row size,sqrt(k*l)*avg
0,61250000.0,114000000,62750000.0,88.1563817183,2.83244141638,115000000,7.0,5.0,16.7569494003
