,start col,start row,stop col,score,avg,stop row,column size,row size,sqrt(k*l)*avg
0,102250000.0,195250000,105250000.0,44.3196059287,1.52569536768,197500000,13.0,10.0,17.3956036442
1,47250000.0,149000000,47250000.0,34.6094368129,7.09431313141,149250000,1.0,2.0,10.0328738462
2,47250000.0,187250000,47250000.0,34.5993956806,7.09361223941,187500000,1.0,2.0,10.0318826352
3,46250000.0,6000000,46250000.0,42.8059933018,10.2492419808,6000000,1.0,1.0,10.2492419808
4,47250000.0,36000000,47250000.0,30.3365235193,8.96494487775,36000000,1.0,1.0,8.96494487775
