,start col,start row,stop col,score,avg,stop row,column size,row size,sqrt(k*l)*avg
0,63750000.0,121250000,72500000.0,31.5142049443,0.850843344959,125250000,36.0,17.0,21.0487018927
1,30500000.0,138750000,30500000.0,29.4862325365,8.80582634281,138750000,1.0,1.0,8.80582634281
2,30500000.0,132500000,30500000.0,26.1941977601,8.42874984202,132500000,1.0,1.0,8.42874984202
3,30500000.0,52000000,30500000.0,23.6671910205,8.12776428546,52000000,1.0,1.0,8.12776428546
4,30500000.0,70500000,30500000.0,23.1978042065,8.07065552321,70500000,1.0,1.0,8.07065552321
5,30500000.0,2750000,30500000.0,22.9016233567,8.03441727852,2750000,1.0,1.0,8.03441727852
6,30500000.0,25500000,30500000.0,22.2485445238,7.95394558081,25500000,1.0,1.0,7.95394558081
