,start col,start row,stop col,score,avg,stop row,column size,row size,sqrt(k*l)*avg
0,33000000.0,63250000,35250000.0,326.132429523,1.5656933615,73000000,10.0,40.0,31.31386723
1,33000000.0,39250000,35250000.0,145.262955769,1.57888401864,44250000,10.0,21.0,22.8802031526
2,60750000.0,65500000,62750000.0,94.7458185052,1.19262054138,75250000,9.0,40.0,22.6283837704
3,33000000.0,73750000,35250000.0,61.9599007625,1.69250837158,76000000,10.0,10.0,16.9250837158
4,60750000.0,41750000,62750000.0,55.7396232822,1.72464488569,44000000,9.0,10.0,16.3614179812
5,44500000.0,28750000,44750000.0,23.0025944324,6.02626713686,28750000,2.0,1.0,8.52242871543
