,start col,start row,stop col,score,avg,stop row,column size,row size,sqrt(k*l)*avg
0,106000000.0,134250000,107250000.0,60.515636683,3.39567729792,134750000,6.0,3.0,14.4066386645
1,102250000.0,64500000,103750000.0,13.3368738024,1.53570017797,67250000,7.0,12.0,14.0749246206
2,97750000.0,133000000,99250000.0,8.75691247097,2.31807588692,133500000,7.0,3.0,10.6227582185
3,50500000.0,72750000,53000000.0,6.97382063549,1.19945652048,76250000,11.0,15.0,15.4072979736
