,start col,start row,stop col,score,avg,stop row,column size,row size,sqrt(k*l)*avg
0,106000000.0,125750000,107000000.0,170.803724733,2.15681135805,131750000,5.0,25.0,24.1138840562
1,97500000.0,125750000,99500000.0,111.930332753,1.46496834118,132000000,9.0,26.0,22.4097064754
2,102250000.0,120500000,104000000.0,26.7982438459,1.36030285866,125000000,8.0,19.0,16.7709399804
3,107000000.0,133750000,107250000.0,21.7971193395,6.03628747087,133750000,2.0,1.0,8.53659960769
4,104500000.0,131500000,106250000.0,8.17877013475,1.60233326139,133250000,8.0,8.0,12.8186660911
