,start col,start row,stop col,score,avg,stop row,column size,row size,sqrt(k*l)*avg
0,31000000.0,89500000,31250000.0,22.1806520384,5.98496529884,89500000,2.0,1.0,8.46401909595
