,start col,start row,stop col,score,avg,stop row,column size,row size,sqrt(k*l)*avg
0,60250000.0,0,62750000.0,85.5358612234,2.3588823641,1000000,11.0,5.0,17.4939398199
1,40500000.0,2250000,41750000.0,52.7649103807,1.61225125499,7500000,6.0,22.0,18.5233566725
2,53500000.0,2000000,54500000.0,13.8144612794,1.75176762928,4750000,5.0,12.0,13.5691337093
