,start col,start row,stop col,score,avg,stop row,column size,row size,sqrt(k*l)*avg
0,61000000.0,241500000,62750000.0,22.5968733521,1.81492319309,243000000,8.0,7.0,13.5816415437
1,20250000.0,89500000,20500000.0,23.4716779271,6.13428522072,89500000,2.0,1.0,8.67518935461
2,57000000.0,88000000,57250000.0,18.705886875,5.73834577645,88000000,2.0,1.0,8.11524642264
