,start col,start row,stop col,score,avg,stop row,column size,row size,sqrt(k*l)*avg
0,84250000.0,25250000,90000000.0,86.0829273105,1.19261777274,28500000,24.0,14.0,21.8610448749
1,84500000.0,217250000,90000000.0,60.7440104219,1.21141079965,220000000,23.0,12.0,20.1254677123
2,32250000.0,89750000,32250000.0,53.9360186648,8.33672620037,90000000,1.0,2.0,11.7899112584
3,46250000.0,89750000,46250000.0,29.5934627062,8.86031761108,89750000,1.0,1.0,8.86031761108
4,54750000.0,89500000,54750000.0,24.6612108463,8.29275244808,89500000,1.0,1.0,8.29275244808
5,32000000.0,78000000,32000000.0,22.0197165786,7.97265722575,78000000,1.0,1.0,7.97265722575
6,26000000.0,87250000,26000000.0,18.655234892,5.87899620895,87500000,1.0,2.0,8.31415617184
7,56250000.0,87500000,56250000.0,22.744703353,8.06174030305,87500000,1.0,1.0,8.06174030305
