,start col,start row,stop col,score,avg,stop row,column size,row size,sqrt(k*l)*avg
0,62750000.0,77750000,62750000.0,21.4799377198,5.89540490556,78000000,1.0,2.0,8.33736157312
