,start col,start row,stop col,score,avg,stop row,column size,row size,sqrt(k*l)*avg
0,114000000.0,0,115000000.0,24.8420550586,3.45991855696,250000,5.0,2.0,10.9412231587
1,86750000.0,70250000,86750000.0,23.6430428877,8.16431787721,70250000,1.0,1.0,8.16431787721
