,start col,start row,stop col,score,avg,stop row,column size,row size,sqrt(k*l)*avg
0,64250000.0,48250000,67000000.0,36.2670209467,2.89767763204,48500000,12.0,2.0,14.1956632751
1,73000000.0,123000000,76250000.0,32.668937906,1.48492409803,125000000,14.0,9.0,16.6682316606
2,89500000.0,37750000,89500000.0,32.625859418,6.95424812774,38000000,1.0,2.0,9.83479201836
3,64250000.0,49000000,66750000.0,32.4342365815,1.99107452688,50000000,11.0,5.0,14.7662038939
4,72500000.0,195250000,76250000.0,31.2061210723,1.36396298663,197500000,16.0,10.0,17.2529187277
5,89500000.0,86000000,89500000.0,22.5562222128,8.06280755544,86000000,1.0,1.0,8.06280755544
6,89500000.0,75250000,89500000.0,22.124320749,8.00986018275,75250000,1.0,1.0,8.00986018275
