,start col,start row,stop col,score,avg,stop row,column size,row size,sqrt(k*l)*avg
0,112500000.0,168500000,112750000.0,8.32219856807,3.39773993143,169000000,2.0,3.0,8.32272911068
