,start col,start row,stop col,score,avg,stop row,column size,row size,sqrt(k*l)*avg
0,500000.0,49000000,4500000.0,123.591111742,1.24000285208,53750000,17.0,20.0,22.8645228438
1,500000.0,120750000,4500000.0,59.3720240502,1.25263564039,123750000,17.0,13.0,18.6217675454
2,500000.0,56500000,4500000.0,33.1341573368,1.53031393325,57750000,17.0,6.0,15.4554131261
3,58250000.0,133750000,59000000.0,26.3614539326,4.90418297225,133750000,4.0,1.0,9.8083659445
