,start col,start row,stop col,score,avg,stop row,column size,row size,sqrt(k*l)*avg
0,500000.0,70750000,4500000.0,59.5983618174,1.06118284944,75750000,17.0,21.0,20.0504595274
1,500000.0,102750000,4500000.0,45.410539653,1.37353784794,104750000,17.0,9.0,16.9897248835
2,55500000.0,46250000,55500000.0,23.1274502475,7.98511005595,46250000,1.0,1.0,7.98511005595
