,start col,start row,stop col,score,avg,stop row,column size,row size,sqrt(k*l)*avg
0,26250000.0,23250000,26750000.0,45.3883299023,6.50617355504,23250000,3.0,1.0,11.2690231602
1,60000000.0,23250000,60500000.0,38.2688200734,6.13372827991,23250000,3.0,1.0,10.6239290206
2,27250000.0,23250000,27250000.0,29.2016512739,8.702993643,23250000,1.0,1.0,8.702993643
3,69250000.0,30500000,69250000.0,26.9663295006,8.44570545671,30500000,1.0,1.0,8.44570545671
4,37750000.0,30500000,37750000.0,25.037587867,8.21740759201,30500000,1.0,1.0,8.21740759201
5,49000000.0,28750000,49250000.0,25.0062678271,6.22211982484,28750000,2.0,1.0,8.799406243
