,start col,start row,stop col,score,avg,stop row,column size,row size,sqrt(k*l)*avg
0,75000000.0,1250000,76750000.0,40.8490905758,2.43127796932,2000000,8.0,4.0,13.7533851124
1,77500000.0,0,78000000.0,35.4873169037,4.45372477232,250000,3.0,2.0,10.909353147
2,61500000.0,46250000,61500000.0,28.7974142871,8.68872014905,46250000,1.0,1.0,8.68872014905
3,26500000.0,46250000,26500000.0,28.2937943563,8.63131184608,46250000,1.0,1.0,8.63131184608
4,72250000.0,46250000,72250000.0,28.1373464424,8.61340221312,46250000,1.0,1.0,8.61340221312
5,44500000.0,46250000,44500000.0,25.9731308843,8.36181863266,46250000,1.0,1.0,8.36181863266
