,start col,start row,stop col,score,avg,stop row,column size,row size,sqrt(k*l)*avg
0,77500000.0,145750000,78000000.0,61.4012750308,4.48793942073,146250000,3.0,3.0,13.4638182622
1,77500000.0,0,78000000.0,23.3186634682,5.29046302613,0,3.0,1.0,9.16335075682
