,start col,start row,stop col,score,avg,stop row,column size,row size,sqrt(k*l)*avg
0,107000000.0,0,107250000.0,25.3358458435,4.1777318258,500000,2.0,3.0,10.2333112554
