,start col,start row,stop col,score,avg,stop row,column size,row size,sqrt(k*l)*avg
0,36500000.0,70250000,46250000.0,274.790502707,0.956226129034,76750000,40.0,27.0,31.4247972569
1,73750000.0,70750000,81000000.0,115.614582237,0.968465016416,75750000,30.0,21.0,24.30827899
2,36500000.0,102750000,46250000.0,89.0004224651,1.17215813131,104750000,40.0,9.0,22.240136837
3,78000000.0,103500000,81000000.0,43.9531437373,1.91645827685,104500000,13.0,5.0,15.4509805918
4,44500000.0,113250000,44500000.0,31.5993893009,9.00572633812,113250000,1.0,1.0,9.00572633812
