,start col,start row,stop col,score,avg,stop row,column size,row size,sqrt(k*l)*avg
0,10750000.0,2000000,11500000.0,85.4461316508,2.25726277639,6250000,4.0,18.0,19.1535097933
1,0.0,0,1000000.0,31.7885812159,3.06480766734,500000,5.0,3.0,11.8699490549
2,80500000.0,0,81000000.0,20.3390855251,3.35363062217,500000,3.0,3.0,10.0608918665
