,start col,start row,stop col,score,avg,stop row,column size,row size,sqrt(k*l)*avg
0,250000.0,65500000,4500000.0,447.21090354,1.33751038113,75250000,18.0,40.0,35.8891695938
1,45250000.0,65500000,50000000.0,75.8505112101,1.49115457977,67250000,20.0,8.0,18.8617792619
2,250000.0,0,4500000.0,64.9505880134,2.73343549519,250000,18.0,2.0,16.4006129711
3,17000000.0,65500000,19000000.0,38.6607003215,1.75581384396,67250000,9.0,8.0,14.8985745068
4,500000.0,65500000,4500000.0,31.604675463,1.43360650698,67000000,17.0,7.0,15.6388006703
