,start col,start row,stop col,score,avg,stop row,column size,row size,sqrt(k*l)*avg
0,144250000.0,500000,146250000.0,163.317070106,2.20841741396,3250000,9.0,12.0,22.9505469918
1,118500000.0,123750000,125250000.0,109.285024371,1.04416147923,128500000,28.0,20.0,24.7093704703
2,0.0,191000000,2250000.0,58.5103651061,4.69214669791,191000000,10.0,1.0,14.837870681
3,11750000.0,9000000,12250000.0,42.3264716624,6.47791048687,9000000,3.0,1.0,11.2200700901
