,start col,start row,stop col,score,avg,stop row,column size,row size,sqrt(k*l)*avg
0,84750000.0,195250000,90000000.0,52.3610421715,1.28128263595,197500000,22.0,10.0,19.0044926925
1,33000000.0,61000000,33000000.0,35.1402702321,9.43749751377,61000000,1.0,1.0,9.43749751377
2,0.0,49000000,4000000.0,34.9875522411,1.72285478819,50000000,17.0,5.0,15.8839363132
