,start col,start row,stop col,score,avg,stop row,column size,row size,sqrt(k*l)*avg
0,113750000.0,500000,115000000.0,45.4377413073,1.91138351967,3250000,6.0,12.0,16.2186269785
