,start col,start row,stop col,score,avg,stop row,column size,row size,sqrt(k*l)*avg
0,36750000.0,21500000,40750000.0,253.864693962,1.3648277714,28000000,17.0,27.0,29.2404595402
1,47750000.0,142500000,49750000.0,63.9702518678,2.35692595241,143500000,9.0,5.0,15.8107399426
2,41500000.0,21000000,43250000.0,36.8470531955,1.291305113,28000000,8.0,29.0,19.6685735021
3,26250000.0,143750000,26500000.0,30.1753782393,6.62356665955,143750000,2.0,1.0,9.36713780122
4,34000000.0,143250000,34750000.0,21.8700687522,4.6751738142,143250000,4.0,1.0,9.3503476284
