,start col,start row,stop col,score,avg,stop row,column size,row size,sqrt(k*l)*avg
0,61000000.0,144500000,62750000.0,155.085884065,2.65161992303,146250000,8.0,8.0,21.2129593842
