,start col,start row,stop col,score,avg,stop row,column size,row size,sqrt(k*l)*avg
0,0.0,500000,3000000.0,48.2329542414,1.44566979262,3250000,13.0,12.0,18.0564099225
1,51250000.0,1000000,53500000.0,24.7993578786,1.54934585367,3250000,10.0,10.0,15.4934585367
