,start col,start row,stop col,score,avg,stop row,column size,row size,sqrt(k*l)*avg
0,60750000.0,0,62750000.0,545.017783595,2.75614973444,4500000,9.0,19.0,36.0413344971
1,60750000.0,84250000,62750000.0,454.471233349,2.30281563168,90000000,9.0,24.0,33.8443396159
2,33000000.0,0,35250000.0,312.170520349,2.10276434398,4500000,10.0,19.0,28.9846062316
3,33000000.0,84500000,35250000.0,291.058067728,1.88822411155,90000000,10.0,23.0,28.6363364967
4,60500000.0,28500000,62750000.0,62.2619258754,1.68671338331,30750000,10.0,10.0,16.8671338331
5,40500000.0,5250000,41750000.0,53.2985360517,1.82558814423,8250000,6.0,13.0,16.1231579302
6,33000000.0,28500000,35000000.0,34.6286329236,1.63295536731,30500000,9.0,9.0,14.6965983058
7,23750000.0,18250000,24000000.0,23.2905759412,6.03943716674,18250000,2.0,1.0,8.5410539503
