,start col,start row,stop col,score,avg,stop row,column size,row size,sqrt(k*l)*avg
0,112000000.0,132250000,112750000.0,78.1043103832,3.25232290228,133500000,4.0,6.0,15.9330631787
