,start col,start row,stop col,score,avg,stop row,column size,row size,sqrt(k*l)*avg
0,19250000.0,54000000,25000000.0,442.192404121,1.53105690917,59000000,24.0,21.0,34.3721423626
1,44750000.0,113750000,48000000.0,145.630965601,2.28795350894,115000000,14.0,6.0,20.9694402825
2,19750000.0,69000000,21750000.0,74.368385017,1.83239350773,71250000,9.0,10.0,17.3836111624
3,21000000.0,81750000,21250000.0,11.6520006534,2.97207889609,82750000,2.0,5.0,9.39853869736
