,start col,start row,stop col,score,avg,stop row,column size,row size,sqrt(k*l)*avg
0,63500000.0,120750000,72750000.0,140.657933711,1.13728810168,123750000,38.0,13.0,25.2774913264
1,64750000.0,51000000,74500000.0,122.473451523,1.21341975555,53250000,40.0,10.0,24.268395111
2,63750000.0,0,73500000.0,114.144859131,1.10641304906,2750000,40.0,12.0,24.2402953955
3,30500000.0,45000000,30500000.0,55.457909171,8.36380928874,45250000,1.0,2.0,11.8282125292
4,30500000.0,64000000,30500000.0,49.0567596616,7.97490326287,64250000,1.0,2.0,11.278216353
5,30500000.0,71500000,30500000.0,29.0579452803,8.74760397401,71500000,1.0,1.0,8.74760397401
6,23250000.0,89750000,23250000.0,27.993500954,6.53689501272,90000000,1.0,2.0,9.2445655828
7,38250000.0,250000,44250000.0,26.6934393771,1.09910659666,2750000,25.0,11.0,18.2266209286
8,30500000.0,20250000,30500000.0,22.3838111007,7.95964952434,20250000,1.0,1.0,7.95964952434
