,start col,start row,stop col,score,avg,stop row,column size,row size,sqrt(k*l)*avg
0,106000000.0,112250000,107250000.0,60.3864308618,2.99842615149,113000000,6.0,4.0,14.6892282051
1,97500000.0,112250000,99500000.0,42.5263162263,2.68406720169,112750000,9.0,3.0,13.9468222928
2,27500000.0,54500000,28250000.0,31.8812141621,2.12367604688,57000000,4.0,11.0,14.0868732475
3,102500000.0,113750000,104000000.0,15.6588130471,1.90588513809,115000000,7.0,6.0,12.3515473809
4,27250000.0,69250000,28750000.0,19.4531845163,1.77498441169,71000000,7.0,8.0,13.2827670708
5,104500000.0,112000000,104750000.0,12.2072728747,3.04313856588,113000000,2.0,5.0,9.62324910368
