,start col,start row,stop col,score,avg,stop row,column size,row size,sqrt(k*l)*avg
0,129750000.0,123500000,136500000.0,126.460879106,1.06017665656,128500000,28.0,21.0,25.7079176782
1,165750000.0,184750000,170750000.0,39.1395327126,0.944495304374,190750000,21.0,25.0,21.6411061291
2,34500000.0,750000,37250000.0,23.287580021,1.42118734362,3250000,12.0,11.0,16.3281994558
3,123500000.0,132000000,123750000.0,10.1063453616,4.00261167654,132250000,2.0,2.0,8.00522335308
