,start col,start row,stop col,score,avg,stop row,column size,row size,sqrt(k*l)*avg
0,113750000.0,0,115000000.0,75.0561528592,2.71502845759,1250000,6.0,6.0,16.2901707455
1,57750000.0,89500000,57750000.0,30.4001203695,8.91161330307,89500000,1.0,1.0,8.91161330307
2,54500000.0,89500000,54500000.0,25.4691265637,8.3475940109,89500000,1.0,1.0,8.3475940109
