,start col,start row,stop col,score,avg,stop row,column size,row size,sqrt(k*l)*avg
0,58750000.0,77250000,59000000.0,12.8390743747,3.1522356727,78000000,2.0,4.0,8.91586888026
1,56250000.0,75750000,57500000.0,5.6690030359,2.00844965662,76500000,6.0,4.0,9.83935366557
