,start col,start row,stop col,score,avg,stop row,column size,row size,sqrt(k*l)*avg
0,144250000.0,241250000,146250000.0,217.675220548,2.89855341006,243000000,9.0,8.0,24.5950412626
1,142500000.0,240250000,144000000.0,49.5758129766,3.09987359057,240750000,7.0,3.0,14.2054053736
2,121500000.0,217000000,125750000.0,38.8133863518,1.23973400977,220000000,18.0,13.0,18.9642837224
3,85250000.0,89500000,85250000.0,26.7470026895,8.59275687517,89500000,1.0,1.0,8.59275687517
4,87000000.0,87500000,87000000.0,26.1672581536,8.52591347902,87500000,1.0,1.0,8.52591347902
5,84750000.0,89500000,84750000.0,24.5979202613,8.34235625394,89500000,1.0,1.0,8.34235625394
6,56000000.0,87750000,56250000.0,19.3994267129,5.93892659734,87750000,2.0,1.0,8.3989105399
