,start col,start row,stop col,score,avg,stop row,column size,row size,sqrt(k*l)*avg
0,43750000.0,70750000,47750000.0,76.1339613247,1.29967511814,73750000,17.0,13.0,19.3210596554
1,34750000.0,29000000,38250000.0,47.7114962123,1.19535438504,32500000,15.0,15.0,17.9303157756
2,38250000.0,46250000,38500000.0,42.6273270807,7.44776671688,46250000,2.0,1.0,10.5327327004
3,26000000.0,47250000,26000000.0,30.5073500366,8.82699830301,47250000,1.0,1.0,8.82699830301
4,41750000.0,46250000,41750000.0,27.3459118517,8.46607465205,46250000,1.0,1.0,8.46607465205
5,47750000.0,0,48000000.0,17.4096485504,3.70559355169,500000,2.0,3.0,9.07681339579
6,17750000.0,46250000,17750000.0,24.0930627454,8.07836100766,46250000,1.0,1.0,8.07836100766
7,19500000.0,57500000,21000000.0,14.8227206681,2.71709107432,57750000,7.0,2.0,10.1664238888
