,start col,start row,stop col,score,avg,stop row,column size,row size,sqrt(k*l)*avg
0,138750000.0,153750000,144000000.0,323.321037331,1.44241741182,159000000,22.0,22.0,31.73318306
1,144250000.0,0,146250000.0,261.043029816,2.79179228227,2250000,9.0,10.0,26.4852670982
2,138250000.0,143250000,138500000.0,21.1298226328,6.04649881505,143250000,2.0,1.0,8.55104062912
3,111500000.0,74500000,111500000.0,39.2532855955,9.88568315948,74500000,1.0,1.0,9.88568315948
4,71750000.0,74500000,71750000.0,34.5745987512,9.4056828416,74500000,1.0,1.0,9.4056828416
5,142500000.0,157500000,143250000.0,20.4117577895,3.59471731152,157750000,4.0,2.0,10.1673959497
