,start col,start row,stop col,score,avg,stop row,column size,row size,sqrt(k*l)*avg
0,33000000.0,34500000,35250000.0,47.4070591959,1.63623081328,36750000,10.0,10.0,16.3623081328
1,60750000.0,33250000,62750000.0,21.6879624462,2.08197622771,34000000,9.0,4.0,12.4918573663
2,62750000.0,0,62750000.0,21.1029068278,4.52716177814,1000000,1.0,5.0,10.1230414811
