,start col,start row,stop col,score,avg,stop row,column size,row size,sqrt(k*l)*avg
0,0.0,196000000,0.0,206.382649741,7.91498372652,197750000,1.0,8.0,22.386954664
1,0.0,160250000,0.0,46.1847182296,6.65898434783,160750000,1.0,3.0,11.5336992172
2,0.0,193000000,0.0,42.2174849513,6.45889201546,193500000,1.0,3.0,11.1871291314
3,0.0,139750000,0.0,28.1369673857,8.62487600813,139750000,1.0,1.0,8.62487600813
4,0.0,112500000,0.0,26.8427378876,6.46716082875,112750000,1.0,2.0,9.14594655407
