,start col,start row,stop col,score,avg,stop row,column size,row size,sqrt(k*l)*avg
0,84250000.0,1250000,90000000.0,358.017452628,2.12219850919,3250000,24.0,9.0,31.1898208825
1,0.0,1250000,4500000.0,302.56224933,2.20925530869,3250000,19.0,9.0,28.8897618932
2,18250000.0,95500000,18250000.0,22.454370188,7.99660739443,95500000,1.0,1.0,7.99660739443
