,start col,start row,stop col,score,avg,stop row,column size,row size,sqrt(k*l)*avg
0,73250000.0,100250000,81000000.0,30.0353821857,0.870851042757,104000000,32.0,16.0,19.7051096876
1,37750000.0,74000000,47500000.0,22.6686406333,1.18017631493,75250000,40.0,6.0,18.2832128532
2,36500000.0,102250000,43500000.0,7.99724797014,1.14616633611,103750000,29.0,7.0,16.3303565735
3,44500000.0,43500000,44500000.0,33.9337976404,9.23344288374,43500000,1.0,1.0,9.23344288374
4,37000000.0,51000000,41000000.0,6.43920995995,1.15110938915,53250000,17.0,10.0,15.0086301968
