,start col,start row,stop col,score,avg,stop row,column size,row size,sqrt(k*l)*avg
0,114000000.0,750000,115000000.0,68.7305624204,3.39681187025,1500000,5.0,4.0,15.1910044973
1,87000000.0,148500000,87500000.0,51.7357788704,6.92020778125,148500000,3.0,1.0,11.9861514761
2,64500000.0,148000000,64750000.0,49.6487635921,8.04782602888,148000000,2.0,1.0,11.3813447177
3,54250000.0,143500000,54500000.0,22.6823030038,6.1694154232,143500000,2.0,1.0,8.7248709634
4,112000000.0,4000000,112750000.0,68.0776751344,3.17010177003,5250000,4.0,6.0,15.5302635385
5,65500000.0,148000000,65500000.0,23.1548323751,8.14410267312,148000000,1.0,1.0,8.14410267312
6,115000000.0,143750000,115000000.0,22.176058421,8.02480730781,143750000,1.0,1.0,8.02480730781
7,35000000.0,143500000,35000000.0,23.0669597579,6.26142354205,143750000,1.0,2.0,8.85499009293
8,115000000.0,0,115000000.0,21.6469286965,7.95959279521,0,1.0,1.0,7.95959279521
