,start col,start row,stop col,score,avg,stop row,column size,row size,sqrt(k*l)*avg
0,44250000.0,250000,48000000.0,691.312907463,2.02110379512,6250000,16.0,25.0,40.4220759024
1,44250000.0,17000000,48000000.0,199.033178714,1.8160692583,19500000,16.0,11.0,24.0928812923
2,44250000.0,45250000,48000000.0,192.417867086,1.35776281489,50250000,16.0,21.0,24.8882035001
3,44000000.0,41750000,48000000.0,73.6553415194,1.52484581818,43500000,17.0,8.0,17.7826052257
4,44250000.0,10000000,48000000.0,39.5203516897,1.54741550041,11250000,16.0,6.0,15.1615135843
5,41000000.0,56250000,42250000.0,32.6045508689,2.11113755114,57500000,6.0,6.0,12.6668253068
6,34750000.0,250000,38250000.0,25.2340902642,0.993939969467,4500000,15.0,18.0,16.3321002625
7,46500000.0,58750000,48000000.0,25.0767739463,2.93249472055,59000000,7.0,2.0,10.9723905328
8,34500000.0,17000000,38500000.0,13.2191049422,1.07104408091,19500000,17.0,11.0,14.6463075261
