,start col,start row,stop col,score,avg,stop row,column size,row size,sqrt(k*l)*avg
0,44250000.0,0,48000000.0,146.361919581,1.56344157274,3000000,16.0,13.0,22.5482750268
1,33750000.0,250000,38750000.0,101.975279585,1.35975850701,2750000,21.0,11.0,20.6665400732
2,19500000.0,16750000,25000000.0,63.0872156274,1.63645805052,17750000,23.0,5.0,17.5490575068
3,47750000.0,0,48000000.0,21.0948139922,4.45404203738,250000,2.0,2.0,8.90808407476
4,44750000.0,51000000,47750000.0,20.4970222164,1.22783794224,53750000,13.0,12.0,15.3356909833
5,46500000.0,49250000,48000000.0,14.613695978,1.83243784953,50500000,7.0,6.0,11.8755545488
6,34750000.0,25000000,38750000.0,2.0307114836,1.06066026966,27500000,17.0,11.0,14.5043110429
