,start col,start row,stop col,score,avg,stop row,column size,row size,sqrt(k*l)*avg
0,45250000.0,144500000,48000000.0,150.883629054,2.18921066224,146250000,12.0,8.0,21.4497962478
1,19250000.0,2250000,22000000.0,132.652010788,1.6295267487,5750000,12.0,15.0,21.8623954875
2,41000000.0,500000,42250000.0,32.5580730625,1.40801221115,7000000,6.0,27.0,17.921069685
3,19250000.0,34250000,22000000.0,24.3100631155,2.12106544493,34750000,12.0,3.0,12.7263926696
4,25000000.0,7000000,25250000.0,21.1571567024,5.8574913305,7000000,2.0,1.0,8.28374368108
5,47750000.0,146000000,48000000.0,13.3732972918,4.01466863576,146250000,2.0,2.0,8.02933727152
