,start col,start row,stop col,score,avg,stop row,column size,row size,sqrt(k*l)*avg
0,125500000.0,136000000,132000000.0,509.357306036,1.28322268409,144000000,27.0,33.0,38.3037134904
1,132500000.0,144250000,133250000.0,84.6342084643,2.86077528636,146250000,4.0,9.0,17.1646517182
2,120500000.0,144250000,125000000.0,66.0692263105,1.5486331783,146000000,19.0,8.0,19.0928320995
3,130250000.0,142500000,133000000.0,60.7367028587,2.15529948101,143500000,12.0,5.0,16.6948779921
4,0.0,145750000,250000.0,52.4397694201,5.10505471434,146250000,2.0,3.0,12.5047791591
5,133750000.0,145750000,133750000.0,51.5894101372,6.91796709605,146250000,1.0,3.0,11.9822704954
6,8000000.0,12000000,8250000.0,31.0766148338,6.79200781144,12000000,2.0,1.0,9.60534956268
