,start col,start row,stop col,score,avg,stop row,column size,row size,sqrt(k*l)*avg
0,120500000.0,194750000,125250000.0,99.0987880981,1.40866969361,197500000,20.0,12.0,21.8230170546
1,125750000.0,500000,130250000.0,17.2585465779,0.874783518219,7750000,19.0,30.0,20.8851702444
2,121750000.0,49000000,124000000.0,11.6615939476,1.83743190217,50000000,10.0,5.0,12.9926055799
3,17250000.0,83000000,17750000.0,6.25008697149,3.31335370127,83250000,3.0,2.0,8.11602590547
4,121750000.0,47000000,123500000.0,1.34485417056,1.95493482439,47750000,8.0,4.0,11.0587813688
